,U_NODE_ID,V_NODE_ID,U_X,U_Y,V_X,V_Y,IS_DEPOT,IS_OPTIMAL_EDGE,EDGE_WEIGHT,GLOBAL_RANK,U_NODE_LOCAL_EDGE_RANK,V_NODE_LOCAL_EDGE_RANK,U_NODE_DEGREE,V_NODE_DEGREE,AVERAGE_NODE_DEGREE,IS_MST_EDGE,MST_U_DEGREE,MST_V_DEGREE,LP_RELAXATION,FILE_NAME,U_NODE_DEMAND,V_NODE_DEMAND,CAPACITY,NUM_OF_VEHICLES,U_NODE_DEMAND_CAPACITY_RATIO,V_NODE_DEMAND_CAPACITY_RATIO,REDUCED_COST,MST_WEIGHT
0,1,2,266,235,295,272,1,1,47.01063709417264,153,47.01063709417264,0.0,22,22,22.0,1,22,1,0.0,E-n23-k3.txt,0,125,4500,3,0.0,0.027777777777777776,38.895277407326304,47.01063709417264
1,1,3,266,235,301,258,1,0,41.88078318274385,169,41.88078318274385,15.231546211727817,22,22,22.0,1,22,1,0.0,E-n23-k3.txt,0,84,4500,3,0.0,0.018666666666666668,34.76459665786236,41.88078318274385
2,1,4,266,235,309,260,1,0,49.73932046178355,148,49.73932046178355,18.439088914585774,22,22,22.0,1,22,1,0.0,E-n23-k3.txt,0,60,4500,3,0.0,0.013333333333333334,48.60929573542971,49.73932046178355
3,1,5,266,235,217,274,1,0,62.625873247404705,109,62.625873247404705,78.02563681252464,22,22,22.0,1,22,1,0.0,E-n23-k3.txt,0,500,4500,3,0.0,0.1111111111111111,53.05337495064722,62.625873247404705
4,1,6,266,235,218,278,1,1,64.4437739428721,98,64.4437739428721,77.23341245859851,22,22,22.0,1,22,1,0.0,E-n23-k3.txt,0,300,4500,3,0.0,0.06666666666666667,52.56308165906874,64.4437739428721
5,1,7,266,235,282,267,1,1,35.77708763999664,183,35.77708763999664,13.92838827718412,22,22,22.0,1,22,1,0.0,E-n23-k3.txt,0,175,4500,3,0.0,0.03888888888888889,24.1156828552367,35.77708763999664
6,1,8,266,235,242,249,1,0,27.784887978899608,203,27.784887978899608,57.77542730261716,22,22,22.0,1,22,1,0.0,E-n23-k3.txt,0,350,4500,3,0.0,0.07777777777777778,18.21238968214212,27.784887978899608
7,1,9,266,235,230,262,1,0,45.0,158,45.0,65.76473218982953,22,22,22.0,1,22,1,0.0,E-n23-k3.txt,0,150,4500,3,0.0,0.03333333333333333,32.028052677484744,45.0
8,1,10,266,235,249,268,1,1,37.12142238654117,180,37.12142238654117,46.17358552246078,22,22,22.0,1,22,1,0.0,E-n23-k3.txt,0,1100,4500,3,0.0,0.24444444444444444,30.168510863885153,37.12142238654117
9,1,11,266,235,256,267,1,0,33.52610922848042,188,33.52610922848042,39.319206502675,22,22,22.0,1,22,1,0.0,E-n23-k3.txt,0,4100,4500,3,0.0,0.9111111111111111,33.40795293927096,33.52610922848042
10,1,12,266,235,265,257,1,1,22.02271554554524,215,22.02271554554524,33.54101966249684,22,22,22.0,1,22,1,0.0,E-n23-k3.txt,0,225,4500,3,0.0,0.05,13.961037406989158,22.02271554554524
11,1,13,266,235,267,242,1,1,7.0710678118654755,237,7.0710678118654755,41.036569057366385,22,22,22.0,1,22,1,0.5444444444444444,E-n23-k3.txt,0,300,4500,3,0.0,0.06666666666666667,0.0,7.0710678118654755
12,1,14,266,235,259,265,1,0,30.805843601498726,193,30.805843601498726,36.6742416417845,22,22,22.0,1,22,1,0.0,E-n23-k3.txt,0,250,4500,3,0.0,0.05555555555555555,27.318448615244193,30.805843601498726
13,1,15,266,235,315,233,1,0,49.040799340956916,150,49.040799340956916,43.829214001622255,22,22,22.0,1,22,1,0.0,E-n23-k3.txt,0,500,4500,3,0.0,0.1111111111111111,40.71698513172403,49.040799340956916
14,1,16,266,235,329,252,1,0,65.25335240430181,94,65.25335240430181,39.44616584663204,22,22,22.0,1,22,1,0.0,E-n23-k3.txt,0,150,4500,3,0.0,0.03333333333333333,49.976319171122796,65.25335240430181
15,1,17,266,235,318,252,1,0,54.70831746635972,131,54.70831746635972,30.479501308256342,22,22,22.0,1,22,1,0.0,E-n23-k3.txt,0,100,4500,3,0.0,0.022222222222222223,43.79674761392126,54.70831746635972
16,1,18,266,235,329,224,1,1,63.953107821277925,102,63.953107821277925,58.82176467941097,22,22,22.0,1,22,1,0.0,E-n23-k3.txt,0,250,4500,3,0.0,0.05555555555555555,55.63360505341757,63.953107821277925
17,1,19,266,235,267,213,1,0,22.02271554554524,215,22.02271554554524,65.30696746902278,22,22,22.0,1,22,1,0.0,E-n23-k3.txt,0,120,4500,3,0.0,0.02666666666666667,6.5183882272655875,22.02271554554524
18,1,20,266,235,275,192,1,0,43.93176527297759,161,43.93176527297759,82.46211251235322,22,22,22.0,1,22,1,0.0,E-n23-k3.txt,0,600,4500,3,0.0,0.13333333333333333,36.96388753701301,43.93176527297759
19,1,21,266,235,303,201,1,1,50.24937810560445,146,50.24937810560445,71.449282711585,22,22,22.0,1,22,1,0.0,E-n23-k3.txt,0,500,4500,3,0.0,0.1111111111111111,27.806373501863547,50.24937810560445
20,1,22,266,235,208,217,1,0,60.728905802755904,113,60.728905802755904,102.9271587094485,22,22,22.0,1,22,1,0.0,E-n23-k3.txt,0,175,4500,3,0.0,0.03888888888888889,18.75829437347977,60.728905802755904
21,1,23,266,235,326,181,1,0,80.72174428244226,56,80.72174428244226,96.13532129243653,22,22,22.0,1,22,1,0.0,E-n23-k3.txt,0,75,4500,3,0.0,0.016666666666666666,45.936722925798,80.72174428244226
22,2,3,295,272,301,258,0,1,15.231546211727817,228,18.439088914585774,0.0,22,22,22.0,0,1,1,0.033333333333333215,E-n23-k3.txt,125,84,4500,3,0.027777777777777776,0.018666666666666668,0.0,15.231546211727817
23,2,4,295,272,309,260,0,0,18.439088914585774,224,78.02563681252464,8.246211251235321,22,22,22.0,0,1,1,0.0,E-n23-k3.txt,125,60,4500,3,0.027777777777777776,0.013333333333333334,9.193704501385607,18.439088914585774
24,2,5,295,272,217,274,0,0,78.02563681252464,60,77.23341245859851,85.5102333057278,22,22,22.0,0,1,1,0.0,E-n23-k3.txt,125,500,4500,3,0.027777777777777776,0.1111111111111111,60.33777882892082,78.02563681252464
25,2,6,295,272,218,278,0,0,77.23341245859851,64,13.92838827718412,85.37564055396598,22,22,22.0,0,1,1,0.0,E-n23-k3.txt,125,300,4500,3,0.027777777777777776,0.06666666666666667,57.23736048794882,77.23341245859851
26,2,7,295,272,282,267,0,0,13.92838827718412,230,57.77542730261716,21.02379604162864,22,22,22.0,0,1,1,0.9666666666666668,E-n23-k3.txt,125,175,4500,3,0.027777777777777776,0.03888888888888889,0.0,13.92838827718412
27,2,8,295,272,242,249,0,0,57.77542730261716,122,65.76473218982953,59.682493245507096,22,22,22.0,0,1,1,0.0,E-n23-k3.txt,125,350,4500,3,0.027777777777777776,0.07777777777777778,40.08756931901334,57.77542730261716
28,2,9,295,272,230,262,0,0,65.76473218982953,90,46.17358552246078,71.11258679024411,22,22,22.0,0,1,1,0.0,E-n23-k3.txt,125,150,4500,3,0.027777777777777776,0.03333333333333333,44.67742518046794,65.76473218982953
29,2,10,295,272,249,268,0,0,46.17358552246078,155,39.319206502675,52.952809179494906,22,22,22.0,0,1,1,0.0,E-n23-k3.txt,125,1100,4500,3,0.027777777777777776,0.24444444444444444,31.105314312958434,46.17358552246078
30,2,11,295,272,256,267,0,0,39.319206502675,175,33.54101966249684,45.89117562233506,22,22,22.0,0,1,1,0.0,E-n23-k3.txt,125,4100,4500,3,0.027777777777777776,0.9111111111111111,31.08569052661921,39.319206502675
31,2,12,295,272,265,257,0,0,33.54101966249684,187,41.036569057366385,36.013886210738214,22,22,22.0,0,1,1,0.0,E-n23-k3.txt,125,225,4500,3,0.027777777777777776,0.05,17.36398183709443,33.54101966249684
32,2,13,295,272,267,242,0,0,41.036569057366385,171,36.6742416417845,37.57658845611187,22,22,22.0,0,1,1,0.0,E-n23-k3.txt,125,300,4500,3,0.027777777777777776,0.06666666666666667,25.850141558654578,41.036569057366385
33,2,14,295,272,259,265,0,0,36.6742416417845,181,43.829214001622255,42.579337712087536,22,22,22.0,0,1,1,0.0,E-n23-k3.txt,125,250,4500,3,0.027777777777777776,0.05555555555555555,25.07148696868363,36.6742416417845
34,2,15,295,272,315,233,0,0,43.829214001622255,163,39.44616584663204,28.653097563788805,22,22,22.0,0,1,1,0.0,E-n23-k3.txt,125,500,4500,3,0.027777777777777776,0.1111111111111111,27.390040105543036,43.829214001622255
35,2,16,295,272,329,252,0,0,39.44616584663204,174,30.479501308256342,28.635642126552707,22,22,22.0,0,1,1,0.0,E-n23-k3.txt,125,150,4500,3,0.027777777777777776,0.03333333333333333,16.053772926606698,39.44616584663204
36,2,17,295,272,318,252,0,0,30.479501308256342,194,58.82176467941097,18.027756377319946,22,22,22.0,0,1,1,0.0,E-n23-k3.txt,125,100,4500,3,0.027777777777777776,0.022222222222222223,11.452571768971548,30.479501308256342
37,2,18,295,272,329,224,0,0,58.82176467941097,120,65.30696746902278,44.04543109109048,22,22,22.0,0,1,1,0.0,E-n23-k3.txt,125,250,4500,3,0.027777777777777776,0.05555555555555555,42.38690222470428,58.82176467941097
38,2,19,295,272,267,213,0,0,65.30696746902278,93,82.46211251235322,56.4003546088143,22,22,22.0,0,1,1,0.0,E-n23-k3.txt,125,120,4500,3,0.027777777777777776,0.02666666666666667,41.6872804638968,65.30696746902278
39,2,20,295,272,275,192,0,0,82.46211251235322,49,71.449282711585,70.9365914038728,22,22,22.0,0,1,1,0.0,E-n23-k3.txt,125,600,4500,3,0.027777777777777776,0.13333333333333333,67.3788750895423,82.46211251235322
40,2,21,295,272,303,201,0,0,71.449282711585,75,102.9271587094485,57.0350769263968,22,22,22.0,0,1,1,0.0,E-n23-k3.txt,125,500,4500,3,0.027777777777777776,0.1111111111111111,40.890918420997764,71.449282711585
41,2,22,295,272,208,217,0,0,102.9271587094485,26,96.13532129243653,101.6366075781753,22,22,22.0,0,1,1,0.0,E-n23-k3.txt,125,175,4500,3,0.027777777777777776,0.03888888888888889,52.84118759332604,102.9271587094485
42,2,23,295,272,326,181,0,0,96.13532129243653,33,0.0,80.95677859203639,22,22,22.0,0,1,1,0.0,E-n23-k3.txt,125,75,4500,3,0.027777777777777776,0.016666666666666666,53.23494024894594,96.13532129243653
43,3,4,301,258,309,260,0,0,8.246211251235321,236,85.5102333057278,0.0,22,22,22.0,0,1,1,0.9416666666666665,E-n23-k3.txt,84,60,4500,3,0.018666666666666668,0.013333333333333334,0.0,8.246211251235321
44,3,5,301,258,217,274,0,0,85.5102333057278,44,85.37564055396598,93.05912099305473,22,22,22.0,0,1,1,0.0,E-n23-k3.txt,84,500,4500,3,0.018666666666666668,0.1111111111111111,68.82154848408882,85.5102333057278
45,3,6,301,258,218,278,0,0,85.37564055396598,45,21.02379604162864,92.76313923105448,22,22,22.0,0,1,1,0.0,E-n23-k3.txt,84,300,4500,3,0.018666666666666668,0.06666666666666667,66.37876174528114,85.37564055396598
46,3,7,301,258,282,267,0,0,21.02379604162864,217,59.682493245507096,27.892651361962706,22,22,22.0,0,1,1,0.0,E-n23-k3.txt,84,175,4500,3,0.018666666666666668,0.03888888888888889,2.2462047319872145,21.02379604162864
47,3,8,301,258,242,249,0,0,59.682493245507096,116,71.11258679024411,67.89698078707183,22,22,22.0,0,1,1,0.0,E-n23-k3.txt,84,350,4500,3,0.018666666666666668,0.07777777777777778,42.993808423868124,59.682493245507096
48,3,9,301,258,230,262,0,0,71.11258679024411,77,52.952809179494906,79.02531240052139,22,22,22.0,0,1,1,0.0,E-n23-k3.txt,84,150,4500,3,0.018666666666666668,0.03333333333333333,51.02445294284737,71.11258679024411
49,3,10,301,258,249,268,0,0,52.952809179494906,137,45.89117562233506,60.530983801686226,22,22,22.0,0,1,1,0.0,E-n23-k3.txt,84,1100,4500,3,0.018666666666666668,0.24444444444444444,38.883711131957405,52.952809179494906
50,3,11,301,258,256,267,0,0,45.89117562233506,156,36.013886210738214,53.46026561849464,22,22,22.0,0,1,1,0.0,E-n23-k3.txt,84,4100,4500,3,0.018666666666666668,0.9111111111111111,38.65683280824412,45.89117562233506
51,3,12,301,258,265,257,0,0,36.013886210738214,182,37.57658845611187,44.10215414239989,22,22,22.0,0,1,1,0.0,E-n23-k3.txt,84,225,4500,3,0.018666666666666668,0.05,20.836021547300646,36.013886210738214
52,3,13,301,258,267,242,0,0,37.57658845611187,179,42.579337712087536,45.69463863518345,22,22,22.0,0,1,1,0.0,E-n23-k3.txt,84,300,4500,3,0.018666666666666668,0.06666666666666667,23.38933411936491,37.57658845611187
53,3,14,301,258,259,265,0,0,42.579337712087536,167,28.653097563788805,50.24937810560445,22,22,22.0,0,1,1,0.0,E-n23-k3.txt,84,250,4500,3,0.018666666666666668,0.05555555555555555,31.975756200951523,42.579337712087536
54,3,15,301,258,315,233,0,0,28.653097563788805,199,28.635642126552707,27.65863337187866,22,22,22.0,0,1,1,0.0,E-n23-k3.txt,84,500,4500,3,0.018666666666666668,0.1111111111111111,13.213096829674438,28.653097563788805
55,3,16,301,258,329,252,0,1,28.635642126552707,200,18.027756377319946,21.540659228538015,22,22,22.0,0,1,1,0.0,E-n23-k3.txt,84,150,4500,3,0.018666666666666668,0.03333333333333333,6.24242236849221,28.635642126552707
56,3,17,301,258,318,252,0,0,18.027756377319946,225,44.04543109109048,12.041594578792296,22,22,22.0,0,1,1,0.025000000000000078,E-n23-k3.txt,84,100,4500,3,0.018666666666666668,0.022222222222222223,0.0,18.027756377319946
57,3,18,301,258,329,224,0,0,44.04543109109048,160,56.4003546088143,41.182520563948,22,22,22.0,0,1,1,0.0,E-n23-k3.txt,84,250,4500,3,0.018666666666666668,0.05555555555555555,28.609741798348637,44.04543109109048
58,3,19,301,258,267,213,0,0,56.4003546088143,127,70.9365914038728,63.0317380372777,22,22,22.0,0,1,1,0.0,E-n23-k3.txt,84,120,4500,3,0.018666666666666668,0.02666666666666667,33.77984076565316,56.4003546088143
59,3,20,301,258,275,192,0,0,70.9365914038728,79,57.0350769263968,76.02631123499285,22,22,22.0,0,1,1,0.0,E-n23-k3.txt,84,600,4500,3,0.018666666666666668,0.13333333333333333,56.852527143026734,70.9365914038728
60,3,21,301,258,303,201,0,0,57.0350769263968,126,101.6366075781753,59.30430001273095,22,22,22.0,0,1,1,0.0,E-n23-k3.txt,84,500,4500,3,0.018666666666666668,0.1111111111111111,27.47588579777441,57.0350769263968
61,3,22,301,258,208,217,0,0,101.6366075781753,27,80.95677859203639,109.77249200050075,22,22,22.0,0,1,1,0.0,E-n23-k3.txt,84,175,4500,3,0.018666666666666668,0.03888888888888889,52.54980962401768,101.6366075781753
62,3,23,301,258,326,181,0,0,80.95677859203639,54,0.0,80.8084154033477,22,22,22.0,0,1,1,0.0,E-n23-k3.txt,84,75,4500,3,0.018666666666666668,0.016666666666666666,39.05557071051064,80.95677859203639
63,4,5,309,260,217,274,0,1,93.05912099305473,35,92.76313923105448,0.0,22,22,22.0,0,1,1,0.0,E-n23-k3.txt,60,500,4500,3,0.013333333333333334,0.1111111111111111,82.35659796994341,93.05912099305473
64,4,6,309,260,218,278,0,0,92.76313923105448,36,27.892651361962706,4.123105625617661,22,22,22.0,0,1,1,0.0,E-n23-k3.txt,60,300,4500,3,0.013333333333333334,0.06666666666666667,79.75242222089729,92.76313923105448
65,4,7,309,260,282,267,0,0,27.892651361962706,202,67.89698078707183,65.37583651472461,22,22,22.0,0,1,1,0.0,E-n23-k3.txt,60,175,4500,3,0.013333333333333334,0.03888888888888889,15.101221850848932,27.892651361962706
66,4,8,309,260,242,249,0,0,67.89698078707183,86,79.02531240052139,35.35533905932738,22,22,22.0,0,1,1,0.0,E-n23-k3.txt,60,350,4500,3,0.013333333333333334,0.07777777777777778,57.1944577639605,67.89698078707183
67,4,9,309,260,230,262,0,0,79.02531240052139,58,60.530983801686226,17.69180601295413,22,22,22.0,0,1,1,0.0,E-n23-k3.txt,60,150,4500,3,0.013333333333333334,0.03333333333333333,64.92334035165229,79.02531240052139
68,4,10,309,260,249,268,0,0,60.530983801686226,114,53.46026561849464,32.55764119219941,22,22,22.0,0,1,1,0.0,E-n23-k3.txt,60,1100,4500,3,0.013333333333333334,0.24444444444444444,52.44804755267637,60.530983801686226
69,4,11,309,260,256,267,0,0,53.46026561849464,133,44.10215414239989,39.6232255123179,22,22,22.0,0,1,1,0.0,E-n23-k3.txt,60,4100,4500,3,0.013333333333333334,0.9111111111111111,52.21208460293134,53.46026561849464
70,4,12,309,260,265,257,0,0,44.10215414239989,159,45.69463863518345,50.92150822589606,22,22,22.0,0,1,1,0.0,E-n23-k3.txt,60,225,4500,3,0.013333333333333334,0.05,34.91045127748997,44.10215414239989
71,4,13,309,260,267,242,0,0,45.69463863518345,157,50.24937810560445,59.36328831862332,22,22,22.0,0,1,1,0.0,E-n23-k3.txt,60,300,4500,3,0.013333333333333334,0.06666666666666667,37.49354609696414,45.69463863518345
72,4,14,309,260,259,265,0,0,50.24937810560445,146,27.65863337187866,42.95346318982906,22,22,22.0,0,1,1,0.0,E-n23-k3.txt,60,250,4500,3,0.013333333333333334,0.05555555555555555,45.63195839299608,50.24937810560445
73,4,15,309,260,315,233,0,0,27.65863337187866,204,21.540659228538015,106.23088063270491,22,22,22.0,0,1,1,0.0,E-n23-k3.txt,60,500,4500,3,0.013333333333333334,0.1111111111111111,18.20479443629194,27.65863337187866
74,4,16,309,260,329,252,0,0,21.540659228538015,216,12.041594578792296,114.1402645870422,22,22,22.0,0,1,1,0.0,E-n23-k3.txt,60,150,4500,3,0.013333333333333334,0.03333333333333333,5.133601269005167,21.540659228538015
75,4,17,309,260,318,252,0,0,12.041594578792296,232,41.182520563948,103.36827366266692,22,22,22.0,0,1,1,0.03333333333333327,E-n23-k3.txt,60,100,4500,3,0.013333333333333334,0.022222222222222223,0.0,12.041594578792296
76,4,18,309,260,329,224,0,0,41.182520563948,170,63.0317380372777,122.65398485169571,22,22,22.0,0,1,1,0.0,E-n23-k3.txt,60,250,4500,3,0.013333333333333334,0.05555555555555555,31.73299306973381,41.182520563948
77,4,19,309,260,267,213,0,0,63.0317380372777,105,76.02631123499285,78.87331614684399,22,22,22.0,0,1,1,0.0,E-n23-k3.txt,60,120,4500,3,0.013333333333333334,0.02666666666666667,46.39738599264421,63.0317380372777
78,4,20,309,260,275,192,0,0,76.02631123499285,66,59.30430001273095,100.43903623591775,22,22,22.0,0,1,1,0.0,E-n23-k3.txt,60,600,4500,3,0.013333333333333334,0.13333333333333333,67.92840877267443,76.02631123499285
79,4,21,309,260,303,201,0,1,59.30430001273095,118,109.77249200050075,112.80514172678478,22,22,22.0,0,1,1,0.0,E-n23-k3.txt,60,500,4500,3,0.013333333333333334,0.1111111111111111,35.73127068263621,59.30430001273095
80,4,22,309,260,208,217,0,0,109.77249200050075,16,80.8084154033477,57.706152185014034,22,22,22.0,0,1,1,0.0,E-n23-k3.txt,60,175,4500,3,0.013333333333333334,0.03888888888888889,66.67185584487078,109.77249200050075
81,4,23,309,260,326,181,0,0,80.8084154033477,55,0.0,143.28293687665675,22,22,22.0,0,1,1,0.0,E-n23-k3.txt,60,75,4500,3,0.013333333333333334,0.016666666666666666,44.8933693203496,80.8084154033477
82,5,6,217,274,218,278,0,0,4.123105625617661,238,65.37583651472461,0.0,22,22,22.0,0,1,1,0.9866666666666667,E-n23-k3.txt,500,300,4500,3,0.1111111111111111,0.06666666666666667,0.0,4.123105625617661
83,5,7,217,274,282,267,0,0,65.37583651472461,92,35.35533905932738,64.93843238021688,22,22,22.0,0,1,1,0.0,E-n23-k3.txt,500,175,4500,3,0.1111111111111111,0.03888888888888889,48.9945730395258,65.37583651472461
84,5,8,217,274,242,249,0,1,35.35533905932738,184,17.69180601295413,37.64306044943742,22,22,22.0,0,1,1,0.0,E-n23-k3.txt,500,350,4500,3,0.1111111111111111,0.07777777777777778,21.062982072131014,35.35533905932738
85,5,9,217,274,230,262,0,0,17.69180601295413,226,32.55764119219941,20.0,22,22,22.0,0,1,1,0.013333333333333308,E-n23-k3.txt,500,150,4500,3,0.1111111111111111,0.03333333333333333,0.0,17.69180601295413
86,5,10,217,274,249,268,0,0,32.55764119219941,191,39.6232255123179,32.57299494980466,22,22,22.0,0,1,1,0.0,E-n23-k3.txt,500,1100,4500,3,0.1111111111111111,0.24444444444444444,20.88487097910452,32.55764119219941
87,5,11,217,274,256,267,0,0,39.6232255123179,172,50.92150822589606,39.56008088970496,22,22,22.0,0,1,1,0.0,E-n23-k3.txt,500,4100,4500,3,0.1111111111111111,0.9111111111111111,34.785210532669566,39.6232255123179
88,5,12,217,274,265,257,0,0,50.92150822589606,144,59.36328831862332,51.478150704935004,22,22,22.0,0,1,1,0.0,E-n23-k3.txt,500,225,4500,3,0.1111111111111111,0.05,38.1399713969011,50.92150822589606
89,5,13,217,274,267,242,0,0,59.36328831862332,117,42.95346318982906,60.802960454241045,22,22,22.0,0,1,1,0.0,E-n23-k3.txt,500,300,4500,3,0.1111111111111111,0.06666666666666667,47.57236181631897,59.36328831862332
90,5,14,217,274,259,265,0,0,42.95346318982906,166,106.23088063270491,43.01162633521314,22,22,22.0,0,1,1,0.0,E-n23-k3.txt,500,250,4500,3,0.1111111111111111,0.05555555555555555,34.746209513135646,42.95346318982906
91,5,15,217,274,315,233,0,0,106.23088063270491,21,114.1402645870422,106.92988356862641,22,22,22.0,0,1,1,0.0,E-n23-k3.txt,500,500,4500,3,0.1111111111111111,0.1111111111111111,93.18720773303316,106.23088063270491
92,5,16,217,274,329,252,0,0,114.1402645870422,12,103.36827366266692,114.00438588054409,22,22,22.0,0,1,1,0.0,E-n23-k3.txt,500,150,4500,3,0.1111111111111111,0.03333333333333333,94.14337266342432,114.1402645870422
93,5,17,217,274,318,252,0,0,103.36827366266692,23,122.65398485169571,103.32473082471591,22,22,22.0,0,1,1,0.0,E-n23-k3.txt,500,100,4500,3,0.1111111111111111,0.022222222222222223,87.73684511978959,103.36827366266692
94,5,18,217,274,329,224,0,0,122.65398485169571,7,78.87331614684399,123.4382436686459,22,22,22.0,0,1,1,0.0,E-n23-k3.txt,500,250,4500,3,0.1111111111111111,0.05555555555555555,109.61462339339649,122.65398485169571
95,5,19,217,274,267,213,0,0,78.87331614684399,59,100.43903623591775,81.40024569987489,22,22,22.0,0,1,1,0.0,E-n23-k3.txt,500,120,4500,3,0.1111111111111111,0.02666666666666667,58.649130138125464,78.87331614684399
96,5,20,217,274,275,192,0,0,100.43903623591775,28,112.80514172678478,103.1746092796091,22,22,22.0,0,1,1,0.0,E-n23-k3.txt,500,600,4500,3,0.1111111111111111,0.13333333333333333,88.75129980951431,100.43903623591775
97,5,21,217,274,303,201,0,0,112.80514172678478,14,57.706152185014034,114.69088891450794,22,22,22.0,0,1,1,0.0,E-n23-k3.txt,500,500,4500,3,0.1111111111111111,0.1111111111111111,85.64227843260501,112.80514172678478
98,5,22,217,274,208,217,0,0,57.706152185014034,123,143.28293687665675,61.814237842102365,22,22,22.0,0,1,1,0.0,E-n23-k3.txt,500,175,4500,3,0.1111111111111111,0.03888888888888889,11.015682065299027,57.706152185014034
99,5,23,217,274,326,181,0,0,143.28293687665675,2,0.0,145.16542288024377,22,22,22.0,0,1,1,0.0,E-n23-k3.txt,500,75,4500,3,0.1111111111111111,0.016666666666666666,103.77805682957363,143.28293687665675
100,6,7,218,278,282,267,0,0,64.93843238021688,95,37.64306044943742,0.0,22,22,22.0,0,1,1,0.0,E-n23-k3.txt,300,175,4500,3,0.06666666666666667,0.03888888888888889,46.2489749179722,64.93843238021688
101,6,8,218,278,242,249,0,0,37.64306044943742,178,20.0,43.86342439892262,22,22,22.0,0,1,1,0.0,E-n23-k3.txt,300,350,4500,3,0.06666666666666667,0.07777777777777778,21.04250947519519,37.64306044943742
102,6,9,218,278,230,262,0,0,20.0,219,32.57299494980466,52.23983154643591,22,22,22.0,0,1,1,0.11111111111111105,E-n23-k3.txt,300,150,4500,3,0.06666666666666667,0.03333333333333333,0.0,20.0
103,6,10,218,278,249,268,0,0,32.57299494980466,190,39.56008088970496,33.015148038438355,22,22,22.0,0,1,1,0.0,E-n23-k3.txt,300,1100,4500,3,0.06666666666666667,0.24444444444444444,18.5920307496639,32.57299494980466
104,6,11,218,278,256,267,0,1,39.56008088970496,173,51.478150704935004,26.0,22,22,22.0,0,1,1,0.0,E-n23-k3.txt,300,4100,4500,3,0.06666666666666667,0.9111111111111111,32.41387192301076,39.56008088970496
105,6,12,218,278,265,257,0,0,51.478150704935004,143,60.802960454241045,19.72308292331602,22,22,22.0,0,1,1,0.0,E-n23-k3.txt,300,225,4500,3,0.06666666666666667,0.05,36.38841988889418,51.478150704935004
106,6,13,218,278,267,242,0,0,60.802960454241045,112,43.01162633521314,29.154759474226502,22,22,22.0,0,1,1,0.0,E-n23-k3.txt,300,300,4500,3,0.06666666666666667,0.06666666666666667,46.703839964890825,60.802960454241045
107,6,14,218,278,259,265,0,0,43.01162633521314,165,106.92988356862641,23.08679276123039,22,22,22.0,0,1,1,0.0,E-n23-k3.txt,300,250,4500,3,0.06666666666666667,0.05555555555555555,32.496178671473864,43.01162633521314
108,6,15,218,278,315,233,0,0,106.92988356862641,20,114.00438588054409,47.38143096192854,22,22,22.0,0,1,1,0.0,E-n23-k3.txt,300,500,4500,3,0.06666666666666667,0.1111111111111111,91.57801668190879,106.92988356862641
109,6,16,218,278,329,252,0,0,114.00438588054409,13,103.32473082471591,49.33558553417604,22,22,22.0,0,1,1,0.0,E-n23-k3.txt,300,150,4500,3,0.06666666666666667,0.03333333333333333,91.69929996988034,114.00438588054409
110,6,17,218,278,318,252,0,0,103.32473082471591,24,123.4382436686459,39.0,22,22,22.0,0,1,1,0.0,E-n23-k3.txt,300,100,4500,3,0.06666666666666667,0.022222222222222223,85.38510829479272,103.32473082471591
111,6,18,218,278,329,224,0,0,123.4382436686459,5,81.40024569987489,63.702433234531945,22,22,22.0,0,1,1,0.0,E-n23-k3.txt,300,250,4500,3,0.06666666666666667,0.05555555555555555,108.0906882233008,123.4382436686459
112,6,19,218,278,267,213,0,0,81.40024569987489,51,103.1746092796091,56.04462507680822,22,22,22.0,0,1,1,0.0,E-n23-k3.txt,300,120,4500,3,0.06666666666666667,0.02666666666666667,58.86786570411049,81.40024569987489
113,6,20,218,278,275,192,0,0,103.1746092796091,25,114.69088891450794,75.32595834106593,22,22,22.0,0,1,1,0.0,E-n23-k3.txt,300,600,4500,3,0.06666666666666667,0.13333333333333333,89.17867886615979,103.1746092796091
114,6,21,218,278,303,201,0,0,114.69088891450794,11,61.814237842102365,69.26037828369117,22,22,22.0,0,1,1,0.0,E-n23-k3.txt,300,500,4500,3,0.06666666666666667,0.1111111111111111,85.2198316332823,114.69088891450794
115,6,22,218,278,208,217,0,0,61.814237842102365,110,145.16542288024377,89.30845424706443,22,22,22.0,0,1,1,0.0,E-n23-k3.txt,300,175,4500,3,0.06666666666666667,0.03888888888888889,12.81557373534149,61.814237842102365
116,6,23,218,278,326,181,0,0,145.16542288024377,1,0.0,96.60227740586657,22,22,22.0,0,1,1,0.0,E-n23-k3.txt,300,75,4500,3,0.06666666666666667,0.016666666666666666,103.35234884611478,145.16542288024377
117,7,8,282,267,242,249,0,0,43.86342439892262,162,52.23983154643591,0.0,22,22,22.0,0,1,1,0.0,E-n23-k3.txt,175,350,4500,3,0.03888888888888889,0.07777777777777778,22.629521317405192,43.86342439892262
118,7,9,282,267,230,262,0,1,52.23983154643591,139,33.015148038438355,17.69180601295413,22,22,22.0,0,1,1,0.0,E-n23-k3.txt,175,150,4500,3,0.03888888888888889,0.03333333333333333,27.606479439160715,52.23983154643591
119,7,10,282,267,249,268,0,0,33.015148038438355,189,26.0,20.248456731316587,22,22,22.0,0,1,1,0.0,E-n23-k3.txt,175,1100,4500,3,0.03888888888888889,0.24444444444444444,14.400831731022398,33.015148038438355
120,7,11,282,267,256,267,0,0,26.0,207,19.72308292331602,22.80350850198276,22,22,22.0,0,1,1,0.0,E-n23-k3.txt,175,4100,4500,3,0.03888888888888889,0.9111111111111111,14.220438926030605,26.0
121,7,12,282,267,265,257,0,0,19.72308292331602,221,29.154759474226502,24.351591323771842,22,22,22.0,0,1,1,0.03333333333333355,E-n23-k3.txt,175,225,4500,3,0.03888888888888889,0.05,0.0,19.72308292331602
122,7,13,282,267,267,242,0,0,29.154759474226502,197,23.08679276123039,25.96150997149434,22,22,22.0,0,1,1,0.0,E-n23-k3.txt,175,300,4500,3,0.03888888888888889,0.06666666666666667,10.422286877601087,29.154759474226502
123,7,14,282,267,259,265,0,0,23.08679276123039,212,47.38143096192854,23.345235059857504,22,22,22.0,0,1,1,0.0,E-n23-k3.txt,175,250,4500,3,0.03888888888888889,0.05555555555555555,7.937992990215919,23.08679276123039
124,7,15,282,267,315,233,0,0,47.38143096192854,152,49.33558553417604,74.73285756613352,22,22,22.0,0,1,1,0.0,E-n23-k3.txt,175,500,4500,3,0.03888888888888889,0.1111111111111111,27.396211967935713,47.38143096192854
125,7,16,282,267,329,252,0,0,49.33558553417604,149,39.0,87.05170877128145,22,22,22.0,0,1,1,0.0,E-n23-k3.txt,175,150,4500,3,0.03888888888888889,0.03333333333333333,22.39714751623709,49.33558553417604
126,7,17,282,267,318,252,0,0,39.0,176,63.702433234531945,76.05918747922567,22,22,22.0,0,1,1,0.0,E-n23-k3.txt,175,100,4500,3,0.03888888888888889,0.022222222222222223,16.4270253628016,39.0
127,7,18,282,267,329,224,0,0,63.702433234531945,104,56.04462507680822,90.52071586106685,22,22,22.0,0,1,1,0.0,E-n23-k3.txt,175,250,4500,3,0.03888888888888889,0.05555555555555555,43.72152568191165,63.702433234531945
128,7,19,282,267,267,213,0,0,56.04462507680822,128,75.32595834106593,43.829214001622255,22,22,22.0,0,1,1,0.0,E-n23-k3.txt,175,120,4500,3,0.03888888888888889,0.02666666666666667,28.87889297376863,56.04462507680822
129,7,20,282,267,275,192,0,0,75.32595834106593,67,69.26037828369117,65.86349520030045,22,22,22.0,0,1,1,0.0,E-n23-k3.txt,175,600,4500,3,0.03888888888888889,0.13333333333333333,56.69667582034141,75.32595834106593
130,7,21,282,267,303,201,0,0,69.26037828369117,84,89.30845424706443,77.62087348130012,22,22,22.0,0,1,1,0.0,E-n23-k3.txt,175,500,4500,3,0.03888888888888889,0.1111111111111111,35.15596889519033,69.26037828369117
131,7,22,282,267,208,217,0,0,89.30845424706443,40,96.60227740586657,46.69047011971501,22,22,22.0,0,1,1,0.0,E-n23-k3.txt,175,175,4500,3,0.03888888888888889,0.03888888888888889,35.67643803302836,89.30845424706443
132,7,23,282,267,326,181,0,0,96.60227740586657,31,0.0,108.07404868885037,22,22,22.0,0,1,1,0.0,E-n23-k3.txt,175,75,4500,3,0.03888888888888889,0.016666666666666666,50.15585126446238,96.60227740586657
133,8,9,242,249,230,262,0,1,17.69180601295413,226,20.248456731316587,0.0,22,22,22.0,0,1,1,0.4377777777777778,E-n23-k3.txt,350,150,4500,3,0.07777777777777778,0.03333333333333333,0.0,17.69180601295413
134,8,10,242,249,249,268,0,0,20.248456731316587,218,22.80350850198276,19.924858845171276,22,22,22.0,0,1,1,0.0,E-n23-k3.txt,350,1100,4500,3,0.07777777777777778,0.24444444444444444,8.575686518221694,20.248456731316587
135,8,11,242,249,256,267,0,0,22.80350850198276,213,24.351591323771842,26.476404589747453,22,22,22.0,0,1,1,0.0,E-n23-k3.txt,350,4100,4500,3,0.07777777777777778,0.9111111111111111,17.965493522334427,22.80350850198276
136,8,12,242,249,265,257,0,0,24.351591323771842,209,25.96150997149434,35.35533905932738,22,22,22.0,0,1,1,0.0,E-n23-k3.txt,350,225,4500,3,0.07777777777777778,0.05,11.570054494776885,24.351591323771842
137,8,13,242,249,267,242,0,0,25.96150997149434,208,23.345235059857504,42.05948168962618,22,22,22.0,0,1,1,0.0,E-n23-k3.txt,350,300,4500,3,0.07777777777777778,0.06666666666666667,14.17058346918999,25.96150997149434
138,8,14,242,249,259,265,0,0,23.345235059857504,211,74.73285756613352,29.154759474226502,22,22,22.0,0,1,1,0.0,E-n23-k3.txt,350,250,4500,3,0.07777777777777778,0.05555555555555555,15.137981383164098,23.345235059857504
139,8,15,242,249,315,233,0,0,74.73285756613352,68,87.05170877128145,89.81091247727082,22,22,22.0,0,1,1,0.0,E-n23-k3.txt,350,500,4500,3,0.07777777777777778,0.1111111111111111,61.68918466646176,74.73285756613352
140,8,16,242,249,329,252,0,0,87.05170877128145,42,76.05918747922567,99.50376877284599,22,22,22.0,0,1,1,0.0,E-n23-k3.txt,350,150,4500,3,0.07777777777777778,0.03333333333333333,67.05481684766357,87.05170877128145
141,8,17,242,249,318,252,0,0,76.05918747922567,65,90.52071586106685,88.56635930193812,22,22,22.0,0,1,1,0.0,E-n23-k3.txt,350,100,4500,3,0.07777777777777778,0.022222222222222223,60.42775893634833,76.05918747922567
142,8,18,242,249,329,224,0,0,90.52071586106685,38,43.829214001622255,106.04244433244644,22,22,22.0,0,1,1,0.0,E-n23-k3.txt,350,250,4500,3,0.07777777777777778,0.05555555555555555,77.48135440276762,90.52071586106685
143,8,19,242,249,267,213,0,0,43.829214001622255,163,65.86349520030045,61.40032573203501,22,22,22.0,0,1,1,0.0,E-n23-k3.txt,350,120,4500,3,0.07777777777777778,0.02666666666666667,23.60502799290373,43.829214001622255
144,8,20,242,249,275,192,0,0,65.86349520030045,89,77.62087348130012,83.21658488546619,22,22,22.0,0,1,1,0.0,E-n23-k3.txt,350,600,4500,3,0.07777777777777778,0.13333333333333333,54.175758773896995,65.86349520030045
145,8,21,242,249,303,201,0,0,77.62087348130012,62,46.69047011971501,95.13148795220224,22,22,22.0,0,1,1,0.0,E-n23-k3.txt,350,500,4500,3,0.07777777777777778,0.1111111111111111,50.458010187120344,77.62087348130012
146,8,22,242,249,208,217,0,0,46.69047011971501,154,108.07404868885037,50.08991914547278,22,22,22.0,0,1,1,0.5622222222222222,E-n23-k3.txt,350,175,4500,3,0.07777777777777778,0.03888888888888889,0.0,46.69047011971501
147,8,23,242,249,326,181,0,0,108.07404868885037,18,0.0,125.60652849274993,22,22,22.0,0,1,1,0.0,E-n23-k3.txt,350,75,4500,3,0.07777777777777778,0.016666666666666666,68.56916864176723,108.07404868885037
148,9,10,230,262,249,268,0,0,19.924858845171276,220,26.476404589747453,0.0,22,22,22.0,0,1,1,0.0,E-n23-k3.txt,150,1100,4500,3,0.03333333333333333,0.24444444444444444,4.852639606318613,19.924858845171276
149,9,11,230,262,256,267,0,0,26.476404589747453,206,35.35533905932738,7.0710678118654755,22,22,22.0,0,1,1,0.0,E-n23-k3.txt,150,4100,4500,3,0.03333333333333333,0.9111111111111111,18.238940584341353,26.476404589747453
150,9,12,230,262,265,257,0,0,35.35533905932738,184,42.05948168962618,19.4164878389476,22,22,22.0,0,1,1,0.0,E-n23-k3.txt,150,225,4500,3,0.03333333333333333,0.05,19.17435320457465,35.35533905932738
151,9,13,230,262,267,242,0,0,42.05948168962618,168,29.154759474226502,31.622776601683793,22,22,22.0,0,1,1,0.0,E-n23-k3.txt,150,300,4500,3,0.03333333333333333,0.06666666666666667,26.869106161564062,42.05948168962618
152,9,14,230,262,259,265,0,0,29.154759474226502,197,89.81091247727082,10.44030650891055,22,22,22.0,0,1,1,0.0,E-n23-k3.txt,150,250,4500,3,0.03333333333333333,0.05555555555555555,17.548056771775325,29.154759474226502
153,9,15,230,262,315,233,0,0,89.81091247727082,39,99.50376877284599,74.70609078247904,22,22,22.0,0,1,1,0.0,E-n23-k3.txt,150,500,4500,3,0.03333333333333333,0.1111111111111111,73.3677905518413,89.81091247727082
154,9,16,230,262,329,252,0,0,99.50376877284599,29,88.56635930193812,81.58431221748455,22,22,22.0,0,1,1,0.0,E-n23-k3.txt,150,150,4500,3,0.03333333333333333,0.03333333333333333,76.10742782347033,99.50376877284599
155,9,17,230,262,318,252,0,0,88.56635930193812,41,106.04244433244644,70.83078426785913,22,22,22.0,0,1,1,0.0,E-n23-k3.txt,150,100,4500,3,0.03333333333333333,0.022222222222222223,69.53548173330302,88.56635930193812
156,9,18,230,262,329,224,0,0,106.04244433244644,22,61.40032573203501,91.30169768410661,22,22,22.0,0,1,1,0.0,E-n23-k3.txt,150,250,4500,3,0.03333333333333333,0.05555555555555555,89.60363384838944,106.04244433244644
157,9,19,230,262,267,213,0,0,61.40032573203501,111,83.21658488546619,57.87054518492115,22,22,22.0,0,1,1,0.0,E-n23-k3.txt,150,120,4500,3,0.03333333333333333,0.02666666666666667,37.77669069755871,61.40032573203501
158,9,20,230,262,275,192,0,0,83.21658488546619,48,95.13148795220224,80.32434251209281,22,22,22.0,0,1,1,0.0,E-n23-k3.txt,150,600,4500,3,0.03333333333333333,0.13333333333333333,68.12939943330497,83.21658488546619
159,9,21,230,262,303,201,0,0,95.13148795220224,34,50.08991914547278,86.05230967266364,22,22,22.0,0,1,1,0.0,E-n23-k3.txt,150,500,4500,3,0.03333333333333333,0.1111111111111111,64.56917563226469,95.13148795220224
160,9,22,230,262,208,217,0,0,50.08991914547278,147,125.60652849274993,65.43699259593154,22,22,22.0,0,1,1,0.4377777777777778,E-n23-k3.txt,150,175,4500,3,0.03333333333333333,0.03888888888888889,0.0,50.08991914547278
161,9,23,230,262,326,181,0,0,125.60652849274993,4,0.0,116.18089343777659,22,22,22.0,0,1,1,0.0,E-n23-k3.txt,150,75,4500,3,0.03333333333333333,0.016666666666666666,82.70219941990904,125.60652849274993
162,10,11,249,268,256,267,0,0,7.0710678118654755,237,19.4164878389476,0.0,22,22,22.0,0,1,1,0.7555555555555555,E-n23-k3.txt,1100,4100,4500,3,0.24444444444444444,0.9111111111111111,0.0,7.0710678118654755
163,10,12,249,268,265,257,0,0,19.4164878389476,222,31.622776601683793,13.45362404707371,22,22,22.0,0,1,1,0.0,E-n23-k3.txt,1100,225,4500,3,0.24444444444444444,0.05,4.4018981777355,19.4164878389476
164,10,13,249,268,267,242,0,1,31.622776601683793,192,10.44030650891055,27.313000567495326,22,22,22.0,0,1,1,0.0,E-n23-k3.txt,1100,300,4500,3,0.24444444444444444,0.06666666666666667,17.598797267162297,31.622776601683793
165,10,14,249,268,259,265,0,0,10.44030650891055,234,74.70609078247904,3.605551275463989,22,22,22.0,0,1,1,0.24444444444444435,E-n23-k3.txt,1100,250,4500,3,0.24444444444444444,0.05555555555555555,0.0,10.44030650891055
166,10,15,249,268,315,233,0,0,74.70609078247904,69,81.58431221748455,68.09552114493287,22,22,22.0,0,1,1,0.0,E-n23-k3.txt,1100,500,4500,3,0.24444444444444444,0.1111111111111111,59.42936505059014,74.70609078247904
167,10,16,249,268,329,252,0,0,81.58431221748455,50,70.83078426785913,74.52516353554684,22,22,22.0,0,1,1,0.0,E-n23-k3.txt,1100,150,4500,3,0.24444444444444444,0.03333333333333333,59.354367461649524,81.58431221748455
168,10,17,249,268,318,252,0,0,70.83078426785913,80,91.30169768410661,63.788713735268246,22,22,22.0,0,1,1,0.0,E-n23-k3.txt,1100,100,4500,3,0.24444444444444444,0.022222222222222223,52.96630289276465,70.83078426785913
169,10,18,249,268,329,224,0,0,91.30169768410661,37,57.87054518492115,84.72307831990054,22,22,22.0,0,1,1,0.0,E-n23-k3.txt,1100,250,4500,3,0.24444444444444444,0.05555555555555555,76.02928339359023,91.30169768410661
170,10,19,249,268,267,213,0,0,57.87054518492115,121,80.32434251209281,55.10898293381942,22,22,22.0,0,1,1,0.0,E-n23-k3.txt,1100,120,4500,3,0.24444444444444444,0.02666666666666667,35.41330634398548,57.87054518492115
171,10,20,249,268,275,192,0,0,80.32434251209281,57,86.05230967266364,77.3692445355388,22,22,22.0,0,1,1,0.0,E-n23-k3.txt,1100,600,4500,3,0.24444444444444444,0.13333333333333333,66.40355325347221,80.32434251209281
172,10,21,249,268,303,201,0,0,86.05230967266364,43,65.43699259593154,81.02468759581859,22,22,22.0,0,1,1,0.0,E-n23-k3.txt,1100,500,4500,3,0.24444444444444444,0.1111111111111111,56.65639354626672,86.05230967266364
173,10,22,249,268,208,217,0,0,65.43699259593154,91,116.18089343777659,69.31089380465383,22,22,22.0,0,1,1,0.0,E-n23-k3.txt,1100,175,4500,3,0.24444444444444444,0.03888888888888889,16.513469643999393,65.43699259593154
174,10,23,249,268,326,181,0,0,116.18089343777659,9,0.0,110.8873302050329,22,22,22.0,0,1,1,0.0,E-n23-k3.txt,1100,75,4500,3,0.24444444444444444,0.016666666666666666,74.4429605584763,116.18089343777659
175,11,12,256,267,265,257,0,1,13.45362404707371,231,27.313000567495326,0.0,22,22,22.0,0,1,1,0.0,E-n23-k3.txt,4100,225,4500,3,0.9111111111111111,0.05,5.273789619308172,13.45362404707371
176,11,13,256,267,267,242,0,0,27.313000567495326,205,3.605551275463989,15.132745950421556,22,22,22.0,0,1,1,0.0,E-n23-k3.txt,4100,300,4500,3,0.9111111111111111,0.06666666666666667,20.123776466420395,27.313000567495326
177,11,14,256,267,259,265,0,0,3.605551275463989,239,68.09552114493287,10.0,22,22,22.0,0,1,1,0.24444444444444446,E-n23-k3.txt,4100,250,4500,3,0.9111111111111111,0.05555555555555555,0.0,3.605551275463989
178,11,15,256,267,315,233,0,0,68.09552114493287,85,74.52516353554684,55.46169849544819,22,22,22.0,0,1,1,0.0,E-n23-k3.txt,4100,500,4500,3,0.9111111111111111,0.1111111111111111,59.65355064649054,68.09552114493287
179,11,16,256,267,329,252,0,0,74.52516353554684,70,63.788713735268246,64.19501538281614,22,22,22.0,0,1,1,0.0,E-n23-k3.txt,4100,150,4500,3,0.9111111111111111,0.03333333333333333,59.12997401315837,74.52516353554684
180,11,17,256,267,318,252,0,0,63.788713735268246,103,84.72307831990054,53.23532661682466,22,22,22.0,0,1,1,0.0,E-n23-k3.txt,4100,100,4500,3,0.9111111111111111,0.022222222222222223,52.758987593620326,63.788713735268246
181,11,18,256,267,329,224,0,0,84.72307831990054,47,55.10898293381942,72.00694410957877,22,22,22.0,0,1,1,0.0,E-n23-k3.txt,4100,250,4500,3,0.9111111111111111,0.05555555555555555,76.28541926283073,84.72307831990054
182,11,19,256,267,267,213,0,0,55.10898293381942,130,77.3692445355388,44.04543109109048,22,22,22.0,0,1,1,0.0,E-n23-k3.txt,4100,120,4500,3,0.9111111111111111,0.02666666666666667,39.48649932633031,55.10898293381942
183,11,20,256,267,275,192,0,0,77.3692445355388,63,81.02468759581859,65.76473218982953,22,22,22.0,0,1,1,0.0,E-n23-k3.txt,4100,600,4500,3,0.9111111111111111,0.13333333333333333,70.28321051036477,77.3692445355388
184,11,21,256,267,303,201,0,0,81.02468759581859,53,69.31089380465383,67.67569726275453,22,22,22.0,0,1,1,0.0,E-n23-k3.txt,4100,500,4500,3,0.9111111111111111,0.1111111111111111,58.46352670286823,81.02468759581859
185,11,22,256,267,208,217,0,0,69.31089380465383,83,110.8873302050329,69.63476143421474,22,22,22.0,0,1,1,0.0,E-n23-k3.txt,4100,175,4500,3,0.9111111111111111,0.03888888888888889,27.222126086168238,69.31089380465383
186,11,23,256,267,326,181,0,0,110.8873302050329,15,0.0,97.45255255764212,22,22,22.0,0,1,1,0.0,E-n23-k3.txt,4100,75,4500,3,0.9111111111111111,0.016666666666666666,75.9841525591792,110.8873302050329
187,12,13,265,257,267,242,0,0,15.132745950421556,229,10.0,0.0,22,22,22.0,0,1,1,0.4555555555555556,E-n23-k3.txt,225,300,4500,3,0.05,0.06666666666666667,0.0,15.132745950421556
188,12,14,265,257,259,265,0,0,10.0,235,55.46169849544819,24.351591323771842,22,22,22.0,0,1,1,0.5111111111111112,E-n23-k3.txt,225,250,4500,3,0.05,0.05555555555555555,0.0,10.0
189,12,15,265,257,315,233,0,0,55.46169849544819,129,64.19501538281614,48.83646178829912,22,22,22.0,0,1,1,0.0,E-n23-k3.txt,225,500,4500,3,0.05,0.1111111111111111,39.07620614765923,55.46169849544819
190,12,16,265,257,329,252,0,0,64.19501538281614,100,53.23532661682466,62.80127387243033,22,22,22.0,0,1,1,0.0,E-n23-k3.txt,225,150,4500,3,0.05,0.03333333333333333,40.85630401108104,64.19501538281614
191,12,17,265,257,318,252,0,0,53.23532661682466,134,72.00694410957877,51.97114584074513,22,22,22.0,0,1,1,0.0,E-n23-k3.txt,225,100,4500,3,0.05,0.022222222222222223,34.262078625830114,53.23532661682466
192,12,18,265,257,329,224,0,0,72.00694410957877,73,44.04543109109048,64.5600495662759,22,22,22.0,0,1,1,0.0,E-n23-k3.txt,225,250,4500,3,0.05,0.05555555555555555,55.62576320316233,72.00694410957877
193,12,19,265,257,267,213,0,0,44.04543109109048,160,65.76473218982953,29.0,22,22,22.0,0,1,1,0.0,E-n23-k3.txt,225,120,4500,3,0.05,0.02666666666666667,20.479425634254746,44.04543109109048
194,12,20,265,257,275,192,0,0,65.76473218982953,90,67.67569726275453,50.635955604688654,22,22,22.0,0,1,1,0.0,E-n23-k3.txt,225,600,4500,3,0.05,0.13333333333333333,50.73517631530887,65.76473218982953
195,12,21,265,257,303,201,0,0,67.67569726275453,87,69.63476143421474,54.56189146281496,22,22,22.0,0,1,1,0.0,E-n23-k3.txt,225,500,4500,3,0.05,0.1111111111111111,37.17101452045754,67.67569726275453
196,12,22,265,257,208,217,0,0,69.63476143421474,82,97.45255255764212,64.07807737440318,22,22,22.0,0,1,1,0.0,E-n23-k3.txt,225,175,4500,3,0.05,0.03888888888888889,19.602471866382523,69.63476143421474
197,12,23,265,257,326,181,0,0,97.45255255764212,30,0.0,84.86459803710851,22,22,22.0,0,1,1,0.0,E-n23-k3.txt,225,75,4500,3,0.05,0.016666666666666666,54.60585306244178,97.45255255764212
198,13,14,267,242,259,265,0,0,24.351591323771842,209,48.83646178829912,0.0,22,22,22.0,0,1,1,0.0,E-n23-k3.txt,300,250,4500,3,0.06666666666666667,0.05555555555555555,13.793128525651834,24.351591323771842
199,13,15,267,242,315,233,0,0,48.83646178829912,151,62.80127387243033,64.4980619863884,22,22,22.0,0,1,1,0.0,E-n23-k3.txt,300,500,4500,3,0.06666666666666667,0.1111111111111111,33.441579767200764,48.83646178829912
200,13,16,267,242,329,252,0,0,62.80127387243033,107,51.97114584074513,71.19691004531025,22,22,22.0,0,1,1,0.0,E-n23-k3.txt,300,150,4500,3,0.06666666666666667,0.03333333333333333,40.45317282738584,62.80127387243033
201,13,17,267,242,318,252,0,0,51.97114584074513,142,64.5600495662759,60.41522986797286,22,22,22.0,0,1,1,0.0,E-n23-k3.txt,300,100,4500,3,0.06666666666666667,0.022222222222222223,33.988508176441194,51.97114584074513
202,13,18,267,242,329,224,0,0,64.5600495662759,96,29.0,81.12336284942828,22,22,22.0,0,1,1,0.0,E-n23-k3.txt,300,250,4500,3,0.06666666666666667,0.05555555555555555,49.16947898655006,64.5600495662759
203,13,19,267,242,267,213,0,0,29.0,198,50.635955604688654,52.61178575186362,22,22,22.0,0,1,1,0.0,E-n23-k3.txt,300,120,4500,3,0.06666666666666667,0.02666666666666667,6.424604869854873,29.0
204,13,20,267,242,275,192,0,0,50.635955604688654,145,54.56189146281496,74.73285756613352,22,22,22.0,0,1,1,0.0,E-n23-k3.txt,300,600,4500,3,0.06666666666666667,0.13333333333333333,36.59701005685859,50.635955604688654
205,13,21,267,242,303,201,0,0,54.56189146281496,132,64.07807737440318,77.6659513557904,22,22,22.0,0,1,1,0.0,E-n23-k3.txt,300,500,4500,3,0.06666666666666667,0.1111111111111111,25.047819047208584,54.56189146281496
206,13,22,267,242,208,217,0,0,64.07807737440318,101,84.86459803710851,70.03570517957252,22,22,22.0,0,1,1,0.0,E-n23-k3.txt,300,175,4500,3,0.06666666666666667,0.03888888888888889,15.03639813326157,64.07807737440318
207,13,23,267,242,326,181,0,0,84.86459803710851,46,0.0,107.44766167767449,22,22,22.0,0,1,1,0.0,E-n23-k3.txt,300,75,4500,3,0.06666666666666667,0.016666666666666666,43.008508868598774,84.86459803710851
208,14,15,259,265,315,233,0,1,64.4980619863884,97,71.19691004531025,0.0,22,22,22.0,0,1,1,0.0,E-n23-k3.txt,250,500,4500,3,0.05555555555555555,0.1111111111111111,52.686852790900986,64.4980619863884
209,14,16,259,265,329,252,0,0,71.19691004531025,76,60.41522986797286,23.600847442411894,22,22,22.0,0,1,1,0.0,E-n23-k3.txt,250,150,4500,3,0.05555555555555555,0.03333333333333333,52.43248182587671,71.19691004531025
210,14,17,259,265,318,252,0,1,60.41522986797286,115,81.12336284942828,19.235384061671343,22,22,22.0,0,1,1,0.0,E-n23-k3.txt,250,100,4500,3,0.05555555555555555,0.022222222222222223,46.016265029279865,60.41522986797286
211,14,18,259,265,329,224,0,0,81.12336284942828,52,52.61178575186362,16.64331697709324,22,22,22.0,0,1,1,0.0,E-n23-k3.txt,250,250,4500,3,0.05555555555555555,0.05555555555555555,69.31646509531339,81.12336284942828
212,14,19,259,265,267,213,0,0,52.61178575186362,138,74.73285756613352,52.0,22,22,22.0,0,1,1,0.0,E-n23-k3.txt,250,120,4500,3,0.05555555555555555,0.02666666666666667,33.62006344732944,52.61178575186362
213,14,20,259,265,275,192,0,0,74.73285756613352,68,77.6659513557904,57.28001396647874,22,22,22.0,0,1,1,0.0,E-n23-k3.txt,250,600,4500,3,0.05555555555555555,0.13333333333333333,64.27758484391441,74.73285756613352
214,14,21,259,265,303,201,0,0,77.6659513557904,61,70.03570517957252,34.17601498127012,22,22,22.0,0,1,1,0.0,E-n23-k3.txt,250,500,4500,3,0.05555555555555555,0.1111111111111111,51.735551765794966,77.6659513557904
215,14,22,259,265,208,217,0,0,70.03570517957252,81,107.44766167767449,108.18964830333815,22,22,22.0,0,1,1,0.0,E-n23-k3.txt,250,175,4500,3,0.05555555555555555,0.03888888888888889,24.577698764041852,70.03570517957252
216,14,23,259,265,326,181,0,0,107.44766167767449,19,0.0,53.150729063673246,22,22,22.0,0,1,1,0.0,E-n23-k3.txt,250,75,4500,3,0.05555555555555555,0.016666666666666666,69.17524533477571,107.44766167767449
217,15,16,315,233,329,252,0,1,23.600847442411894,210,19.235384061671343,0.0,22,22,22.0,0,1,1,0.08611111111111114,E-n23-k3.txt,500,150,4500,3,0.1111111111111111,0.03333333333333333,0.0,23.600847442411894
218,15,17,315,233,318,252,0,0,19.235384061671343,223,16.64331697709324,11.0,22,22,22.0,0,1,1,0.0,E-n23-k3.txt,500,100,4500,3,0.1111111111111111,0.022222222222222223,0.0,19.235384061671343
219,15,18,315,233,329,224,0,0,16.64331697709324,227,52.0,28.0,22,22,22.0,0,1,1,0.9138888888888889,E-n23-k3.txt,500,250,4500,3,0.1111111111111111,0.05555555555555555,0.0,16.64331697709324
220,15,19,315,233,267,213,0,0,52.0,141,57.28001396647874,73.24616030891995,22,22,22.0,0,1,1,0.0,E-n23-k3.txt,500,120,4500,3,0.1111111111111111,0.02666666666666667,28.171858472487468,52.0
221,15,20,315,233,275,192,0,0,57.28001396647874,124,34.17601498127012,80.72174428244226,22,22,22.0,0,1,1,0.0,E-n23-k3.txt,500,600,4500,3,0.1111111111111111,0.13333333333333333,41.98832202128128,57.28001396647874
222,15,21,315,233,303,201,0,0,34.17601498127012,186,108.18964830333815,57.245087125446844,22,22,22.0,0,1,1,0.0,E-n23-k3.txt,500,500,4500,3,0.1111111111111111,0.1111111111111111,3.4091961682963365,34.17601498127012
223,15,22,315,233,208,217,0,0,108.18964830333815,17,53.150729063673246,125.96031120952345,22,22,22.0,0,1,1,0.0,E-n23-k3.txt,500,175,4500,3,0.1111111111111111,0.03888888888888889,57.895222664829134,108.18964830333815
224,15,23,315,233,326,181,0,0,53.150729063673246,136,0.0,71.06335201775947,22,22,22.0,0,1,1,0.0,E-n23-k3.txt,500,75,4500,3,0.1111111111111111,0.016666666666666666,10.041893497796107,53.150729063673246
225,16,17,329,252,318,252,0,0,11.0,233,28.0,0.0,22,22,22.0,0,1,1,0.9416666666666667,E-n23-k3.txt,150,100,4500,3,0.03333333333333333,0.022222222222222223,0.0,11.0
226,16,18,329,252,329,224,0,0,28.0,201,73.24616030891995,30.083217912982647,22,22,22.0,0,1,1,0.0,E-n23-k3.txt,150,250,4500,3,0.03333333333333333,0.05555555555555555,4.403463998960632,28.0
227,16,19,329,252,267,213,0,0,73.24616030891995,72,80.72174428244226,64.20280367709809,22,22,22.0,0,1,1,0.0,E-n23-k3.txt,150,120,4500,3,0.03333333333333333,0.02666666666666667,42.46479975746129,73.24616030891995
228,16,20,329,252,275,192,0,0,80.72174428244226,56,57.245087125446844,73.81734213584231,22,22,22.0,0,1,1,0.0,E-n23-k3.txt,150,600,4500,3,0.03333333333333333,0.13333333333333333,58.47683331329867,80.72174428244226
229,16,21,329,252,303,201,0,0,57.245087125446844,125,125.96031120952345,53.16013544000805,22,22,22.0,0,1,1,0.0,E-n23-k3.txt,150,500,4500,3,0.03333333333333333,0.1111111111111111,19.52504928852693,57.245087125446844
230,16,22,329,252,208,217,0,0,125.96031120952345,3,71.06335201775947,115.43396380615195,22,22,22.0,0,1,1,0.0,E-n23-k3.txt,150,175,4500,3,0.03333333333333333,0.03888888888888889,68.71266654706831,125.96031120952345
231,16,23,329,252,326,181,0,0,71.06335201775947,78,0.0,71.449282711585,22,22,22.0,0,1,1,0.0,E-n23-k3.txt,150,75,4500,3,0.03333333333333333,0.016666666666666666,21.0012974279362,71.06335201775947
232,17,18,318,252,329,224,0,0,30.083217912982647,195,64.20280367709809,0.0,22,22,22.0,0,1,1,0.0,E-n23-k3.txt,100,250,4500,3,0.022222222222222223,0.05555555555555555,10.85214529268383,30.083217912982647
233,17,19,318,252,267,213,0,0,64.20280367709809,99,73.81734213584231,62.96824596572466,22,22,22.0,0,1,1,0.0,E-n23-k3.txt,100,120,4500,3,0.022222222222222223,0.02666666666666667,37.78690650637998,64.20280367709809
234,17,20,318,252,275,192,0,0,73.81734213584231,71,53.16013544000805,62.76941930590086,22,22,22.0,0,1,1,0.0,E-n23-k3.txt,100,600,4500,3,0.022222222222222223,0.13333333333333333,55.93789454743927,73.81734213584231
235,17,21,318,252,303,201,0,0,53.16013544000805,135,115.43396380615195,34.713109915419565,22,22,22.0,0,1,1,0.0,E-n23-k3.txt,100,500,4500,3,0.022222222222222223,0.1111111111111111,19.805560983828684,53.16013544000805
236,17,22,318,252,208,217,0,1,115.43396380615195,10,71.449282711585,121.2023102090055,22,22,22.0,0,1,1,0.0,E-n23-k3.txt,100,175,4500,3,0.022222222222222223,0.03888888888888889,62.55178252443736,115.43396380615195
237,17,23,318,252,326,181,0,0,71.449282711585,75,0.0,43.104524124504614,22,22,22.0,0,1,1,0.0,E-n23-k3.txt,100,75,4500,3,0.022222222222222223,0.016666666666666666,25.75269150250228,71.449282711585
238,18,19,329,224,267,213,0,1,62.96824596572466,106,62.76941930590086,0.0,22,22,22.0,0,1,1,0.0,E-n23-k3.txt,250,120,4500,3,0.05555555555555555,0.02666666666666667,39.144415879584656,62.96824596572466
239,18,20,329,224,275,192,0,0,62.76941930590086,108,34.713109915419565,22.47220505424423,22,22,22.0,0,1,1,0.0,E-n23-k3.txt,250,600,4500,3,0.05555555555555555,0.13333333333333333,47.48203880207592,62.76941930590086
240,18,21,329,224,303,201,0,0,34.713109915419565,185,121.2023102090055,37.94733192202055,22,22,22.0,0,1,1,0.0,E-n23-k3.txt,250,500,4500,3,0.05555555555555555,0.1111111111111111,3.950602543818306,34.713109915419565
241,18,22,329,224,208,217,0,0,121.2023102090055,8,43.104524124504614,59.135437767890075,22,22,22.0,0,1,1,0.0,E-n23-k3.txt,250,175,4500,3,0.05555555555555555,0.03888888888888889,70.91219601186901,121.2023102090055
242,18,23,329,224,326,181,0,0,43.104524124504614,164,0.0,67.11929677819934,22,22,22.0,0,1,1,0.08611111111111103,E-n23-k3.txt,250,75,4500,3,0.05555555555555555,0.016666666666666666,0.0,43.104524124504614
243,19,20,267,213,275,192,0,1,22.47220505424423,214,37.94733192202055,0.0,22,22,22.0,0,1,1,0.9444444444444444,E-n23-k3.txt,120,600,4500,3,0.02666666666666667,0.13333333333333333,0.0,22.47220505424423
244,19,21,267,213,303,201,0,0,37.94733192202055,177,59.135437767890075,29.410882339705484,22,22,22.0,0,1,1,0.05555555555555547,E-n23-k3.txt,120,500,4500,3,0.02666666666666667,0.1111111111111111,0.0,37.94733192202055
245,19,22,267,213,208,217,0,0,59.135437767890075,119,67.11929677819934,71.5122367151245,22,22,22.0,0,1,1,0.0,E-n23-k3.txt,120,175,4500,3,0.02666666666666667,0.03888888888888889,1.6604990203342922,59.135437767890075
246,19,23,267,213,326,181,0,0,67.11929677819934,88,0.0,52.172789842982326,22,22,22.0,0,1,1,0.0,E-n23-k3.txt,120,75,4500,3,0.02666666666666667,0.016666666666666666,16.829948103275434,67.11929677819934
247,20,21,275,192,303,201,0,0,29.410882339705484,196,71.5122367151245,0.0,22,22,22.0,0,1,1,0.03055555555555567,E-n23-k3.txt,600,500,4500,3,0.13333333333333333,0.1111111111111111,0.0,29.410882339705484
248,20,22,275,192,208,217,0,1,71.5122367151245,74,52.172789842982326,96.33794683301072,22,22,22.0,0,1,1,0.0,E-n23-k3.txt,600,175,4500,3,0.13333333333333333,0.03888888888888889,22.573747549883787,71.5122367151245
249,20,23,275,192,326,181,0,0,52.172789842982326,140,0.0,30.479501308256342,22,22,22.0,0,1,1,0.0,E-n23-k3.txt,600,75,4500,3,0.13333333333333333,0.016666666666666666,10.419890750373487,52.172789842982326
250,21,22,303,201,208,217,0,0,96.33794683301072,32,30.479501308256342,0.0,22,22,22.0,0,1,1,0.0,E-n23-k3.txt,500,175,4500,3,0.1111111111111111,0.03888888888888889,31.924330799993683,96.33794683301072
251,21,23,303,201,326,181,0,0,30.479501308256342,194,0.0,123.36936410632909,22,22,22.0,0,1,1,0.913888888888889,E-n23-k3.txt,500,75,4500,3,0.1111111111111111,0.016666666666666666,0.0,30.479501308256342
252,22,23,208,217,326,181,0,0,123.36936410632909,6,0.0,0.0,22,22,22.0,0,1,1,0.0,E-n23-k3.txt,175,75,4500,3,0.03888888888888889,0.016666666666666666,51.4663709267273,123.36936410632909
